{
  "/HomePage" : {
    "transaction" : "/HomePage",
    "sampleCount" : 5,
    "errorCount" : 0,
    "errorPct" : 0.0,
    "meanResTime" : 487.6,
    "medianResTime" : 390.0,
    "minResTime" : 261.0,
    "maxResTime" : 1012.0,
    "pct1ResTime" : 1012.0,
    "pct2ResTime" : 1012.0,
    "pct3ResTime" : 1012.0,
    "throughput" : 0.30873726458783574,
    "receivedKBytesPerSec" : 0.49832124112380366,
    "sentKBytesPerSec" : 0.2562760497066996
  },
  "FlighBooking_T04_BookFlight" : {
    "transaction" : "FlighBooking_T04_BookFlight",
    "sampleCount" : 5,
    "errorCount" : 0,
    "errorPct" : 0.0,
    "meanResTime" : 361.0,
    "medianResTime" : 254.0,
    "minResTime" : 221.0,
    "maxResTime" : 591.0,
    "pct1ResTime" : 591.0,
    "pct2ResTime" : 591.0,
    "pct3ResTime" : 591.0,
    "throughput" : 0.3273965426925092,
    "receivedKBytesPerSec" : 0.5650148146935569,
    "sentKBytesPerSec" : 0.4533674780644316
  },
  "FlighBooking_T02_FlightFinder" : {
    "transaction" : "FlighBooking_T02_FlightFinder",
    "sampleCount" : 5,
    "errorCount" : 0,
    "errorPct" : 0.0,
    "meanResTime" : 309.8,
    "medianResTime" : 277.0,
    "minResTime" : 193.0,
    "maxResTime" : 457.0,
    "pct1ResTime" : 457.0,
    "pct2ResTime" : 457.0,
    "pct3ResTime" : 457.0,
    "throughput" : 0.32358270774009834,
    "receivedKBytesPerSec" : 0.5458562200685996,
    "sentKBytesPerSec" : 0.3880464502976961
  },
  "Total" : {
    "transaction" : "Total",
    "sampleCount" : 20,
    "errorCount" : 0,
    "errorPct" : 0.0,
    "meanResTime" : 385.79999999999995,
    "medianResTime" : 333.0,
    "minResTime" : 193.0,
    "maxResTime" : 1012.0,
    "pct1ResTime" : 717.9000000000003,
    "pct2ResTime" : 997.9999999999998,
    "pct3ResTime" : 1012.0,
    "throughput" : 0.48750761730652037,
    "receivedKBytesPerSec" : 0.8576373019500305,
    "sentKBytesPerSec" : 0.5705838665447898
  },
  "FlighBooking_T01_HomePage" : {
    "transaction" : "FlighBooking_T01_HomePage",
    "sampleCount" : 5,
    "errorCount" : 0,
    "errorPct" : 0.0,
    "meanResTime" : 487.6,
    "medianResTime" : 390.0,
    "minResTime" : 261.0,
    "maxResTime" : 1012.0,
    "pct1ResTime" : 1012.0,
    "pct2ResTime" : 1012.0,
    "pct3ResTime" : 1012.0,
    "throughput" : 0.3061099546957267,
    "receivedKBytesPerSec" : 0.4940805987510714,
    "sentKBytesPerSec" : 0.2540951772376638
  },
  "/confirmation.php" : {
    "transaction" : "/confirmation.php",
    "sampleCount" : 5,
    "errorCount" : 0,
    "errorPct" : 0.0,
    "meanResTime" : 361.0,
    "medianResTime" : 254.0,
    "minResTime" : 221.0,
    "maxResTime" : 591.0,
    "pct1ResTime" : 591.0,
    "pct2ResTime" : 591.0,
    "pct3ResTime" : 591.0,
    "throughput" : 0.3273965426925092,
    "receivedKBytesPerSec" : 0.5650148146935569,
    "sentKBytesPerSec" : 0.4533674780644316
  },
  "FlighBooking_T03_SelectFlight" : {
    "transaction" : "FlighBooking_T03_SelectFlight",
    "sampleCount" : 5,
    "errorCount" : 0,
    "errorPct" : 0.0,
    "meanResTime" : 384.8,
    "medianResTime" : 328.0,
    "minResTime" : 233.0,
    "maxResTime" : 732.0,
    "pct1ResTime" : 732.0,
    "pct2ResTime" : 732.0,
    "pct3ResTime" : 732.0,
    "throughput" : 0.3255844240411539,
    "receivedKBytesPerSec" : 0.6544755648889757,
    "sentKBytesPerSec" : 0.41270369375529076
  },
  "/purchase.php" : {
    "transaction" : "/purchase.php",
    "sampleCount" : 5,
    "errorCount" : 0,
    "errorPct" : 0.0,
    "meanResTime" : 384.8,
    "medianResTime" : 328.0,
    "minResTime" : 233.0,
    "maxResTime" : 732.0,
    "pct1ResTime" : 732.0,
    "pct2ResTime" : 732.0,
    "pct3ResTime" : 732.0,
    "throughput" : 0.3255844240411539,
    "receivedKBytesPerSec" : 0.6544755648889757,
    "sentKBytesPerSec" : 0.41270369375529076
  },
  "/reserve.php" : {
    "transaction" : "/reserve.php",
    "sampleCount" : 5,
    "errorCount" : 0,
    "errorPct" : 0.0,
    "meanResTime" : 309.8,
    "medianResTime" : 277.0,
    "minResTime" : 193.0,
    "maxResTime" : 457.0,
    "pct1ResTime" : 457.0,
    "pct2ResTime" : 457.0,
    "pct3ResTime" : 457.0,
    "throughput" : 0.32358270774009834,
    "receivedKBytesPerSec" : 0.5458562200685996,
    "sentKBytesPerSec" : 0.3880464502976961
  }
}