{
  "/HomePage" : {
    "transaction" : "/HomePage",
    "sampleCount" : 70,
    "errorCount" : 0,
    "errorPct" : 0.0,
    "meanResTime" : 281.59999999999997,
    "medianResTime" : 253.5,
    "minResTime" : 193.0,
    "maxResTime" : 836.0,
    "pct1ResTime" : 391.7,
    "pct2ResTime" : 524.6500000000001,
    "pct3ResTime" : 836.0,
    "throughput" : 0.2526273241713824,
    "receivedKBytesPerSec" : 0.4064875147967432,
    "sentKBytesPerSec" : 0.20970041557194824
  },
  "FlighBooking_T04_BookFlight" : {
    "transaction" : "FlighBooking_T04_BookFlight",
    "sampleCount" : 68,
    "errorCount" : 0,
    "errorPct" : 0.0,
    "meanResTime" : 273.720588235294,
    "medianResTime" : 205.0,
    "minResTime" : 0.0,
    "maxResTime" : 2248.0,
    "pct1ResTime" : 395.4,
    "pct2ResTime" : 455.4,
    "pct3ResTime" : 2248.0,
    "throughput" : 0.250302755906961,
    "receivedKBytesPerSec" : 0.40743574604024724,
    "sentKBytesPerSec" : 0.3262217903272709
  },
  "FlighBooking_T02_FlightFinder" : {
    "transaction" : "FlighBooking_T02_FlightFinder",
    "sampleCount" : 70,
    "errorCount" : 0,
    "errorPct" : 0.0,
    "meanResTime" : 243.34285714285718,
    "medianResTime" : 205.0,
    "minResTime" : 171.0,
    "maxResTime" : 798.0,
    "pct1ResTime" : 351.2,
    "pct2ResTime" : 391.70000000000005,
    "pct3ResTime" : 798.0,
    "throughput" : 0.25317371333502114,
    "receivedKBytesPerSec" : 0.432528640276321,
    "sentKBytesPerSec" : 0.3036106640384824
  },
  "Total" : {
    "transaction" : "Total",
    "sampleCount" : 278,
    "errorCount" : 0,
    "errorPct" : 0.0,
    "meanResTime" : 282.9064748201438,
    "medianResTime" : 221.0,
    "minResTime" : 0.0,
    "maxResTime" : 2248.0,
    "pct1ResTime" : 387.2,
    "pct2ResTime" : 481.8500000000004,
    "pct3ResTime" : 1820.429999999992,
    "throughput" : 0.9561807800784206,
    "receivedKBytesPerSec" : 1.630090861895508,
    "sentKBytesPerSec" : 1.0898778762812134
  },
  "FlighBooking_T01_HomePage" : {
    "transaction" : "FlighBooking_T01_HomePage",
    "sampleCount" : 70,
    "errorCount" : 0,
    "errorPct" : 0.0,
    "meanResTime" : 281.59999999999997,
    "medianResTime" : 253.5,
    "minResTime" : 193.0,
    "maxResTime" : 836.0,
    "pct1ResTime" : 391.7,
    "pct2ResTime" : 524.6500000000001,
    "pct3ResTime" : 836.0,
    "throughput" : 0.25252525252525254,
    "receivedKBytesPerSec" : 0.40632327741702745,
    "sentKBytesPerSec" : 0.20961568813131315
  },
  "/confirmation.php" : {
    "transaction" : "/confirmation.php",
    "sampleCount" : 64,
    "errorCount" : 0,
    "errorPct" : 0.0,
    "meanResTime" : 290.82812499999994,
    "medianResTime" : 207.5,
    "minResTime" : 177.0,
    "maxResTime" : 2248.0,
    "pct1ResTime" : 397.0,
    "pct2ResTime" : 457.0,
    "pct3ResTime" : 2248.0,
    "throughput" : 0.2410972940595887,
    "receivedKBytesPerSec" : 0.41697956535620245,
    "sentKBytesPerSec" : 0.33386324509423515
  },
  "FlighBooking_T03_SelectFlight" : {
    "transaction" : "FlighBooking_T03_SelectFlight",
    "sampleCount" : 70,
    "errorCount" : 0,
    "errorPct" : 0.0,
    "meanResTime" : 332.69999999999993,
    "medianResTime" : 235.0,
    "minResTime" : 0.0,
    "maxResTime" : 2123.0,
    "pct1ResTime" : 430.5,
    "pct2ResTime" : 1328.750000000001,
    "pct3ResTime" : 2123.0,
    "throughput" : 0.253350561171493,
    "receivedKBytesPerSec" : 0.4742052370275464,
    "sentKBytesPerSec" : 0.3119661541746743
  },
  "/purchase.php" : {
    "transaction" : "/purchase.php",
    "sampleCount" : 68,
    "errorCount" : 0,
    "errorPct" : 0.0,
    "meanResTime" : 342.4852941176471,
    "medianResTime" : 239.5,
    "minResTime" : 177.0,
    "maxResTime" : 2123.0,
    "pct1ResTime" : 435.9000000000001,
    "pct2ResTime" : 1362.249999999999,
    "pct3ResTime" : 2123.0,
    "throughput" : 0.25007355104442486,
    "receivedKBytesPerSec" : 0.4818383508936452,
    "sentKBytesPerSec" : 0.3169877629449838
  },
  "/reserve.php" : {
    "transaction" : "/reserve.php",
    "sampleCount" : 70,
    "errorCount" : 0,
    "errorPct" : 0.0,
    "meanResTime" : 243.34285714285718,
    "medianResTime" : 205.0,
    "minResTime" : 171.0,
    "maxResTime" : 798.0,
    "pct1ResTime" : 351.2,
    "pct2ResTime" : 391.70000000000005,
    "pct3ResTime" : 798.0,
    "throughput" : 0.25317371333502114,
    "receivedKBytesPerSec" : 0.432528640276321,
    "sentKBytesPerSec" : 0.3036106640384824
  }
}