{
  "/HomePage" : {
    "transaction" : "/HomePage",
    "sampleCount" : 5,
    "errorCount" : 0,
    "errorPct" : 0.0,
    "meanResTime" : 467.2,
    "medianResTime" : 361.0,
    "minResTime" : 265.0,
    "maxResTime" : 856.0,
    "pct1ResTime" : 856.0,
    "pct2ResTime" : 856.0,
    "pct3ResTime" : 856.0,
    "throughput" : 0.3056234718826406,
    "receivedKBytesPerSec" : 0.5067261040647922,
    "sentKBytesPerSec" : 0.2536913584963325
  },
  "FlighBooking_T04_BookFlight" : {
    "transaction" : "FlighBooking_T04_BookFlight",
    "sampleCount" : 5,
    "errorCount" : 0,
    "errorPct" : 0.0,
    "meanResTime" : 273.2,
    "medianResTime" : 286.0,
    "minResTime" : 206.0,
    "maxResTime" : 327.0,
    "pct1ResTime" : 327.0,
    "pct2ResTime" : 327.0,
    "pct3ResTime" : 327.0,
    "throughput" : 0.31228530385360065,
    "receivedKBytesPerSec" : 0.5476581529885703,
    "sentKBytesPerSec" : 0.43244195396914625
  },
  "FlighBooking_T02_FlightFinder" : {
    "transaction" : "FlighBooking_T02_FlightFinder",
    "sampleCount" : 5,
    "errorCount" : 0,
    "errorPct" : 0.0,
    "meanResTime" : 234.6,
    "medianResTime" : 227.0,
    "minResTime" : 205.0,
    "maxResTime" : 291.0,
    "pct1ResTime" : 291.0,
    "pct2ResTime" : 291.0,
    "pct3ResTime" : 291.0,
    "throughput" : 0.31665611146295125,
    "receivedKBytesPerSec" : 0.525636775649145,
    "sentKBytesPerSec" : 0.3797399461684611
  },
  "Total" : {
    "transaction" : "Total",
    "sampleCount" : 20,
    "errorCount" : 0,
    "errorPct" : 0.0,
    "meanResTime" : 322.6499999999999,
    "medianResTime" : 288.5,
    "minResTime" : 205.0,
    "maxResTime" : 856.0,
    "pct1ResTime" : 490.20000000000005,
    "pct2ResTime" : 837.8499999999997,
    "pct3ResTime" : 856.0,
    "throughput" : 0.4839568310506703,
    "receivedKBytesPerSec" : 0.8458610726298215,
    "sentKBytesPerSec" : 0.5664279902482698
  },
  "FlighBooking_T01_HomePage" : {
    "transaction" : "FlighBooking_T01_HomePage",
    "sampleCount" : 5,
    "errorCount" : 0,
    "errorPct" : 0.0,
    "meanResTime" : 467.2,
    "medianResTime" : 361.0,
    "minResTime" : 265.0,
    "maxResTime" : 856.0,
    "pct1ResTime" : 856.0,
    "pct2ResTime" : 856.0,
    "pct3ResTime" : 856.0,
    "throughput" : 0.3034348828741352,
    "receivedKBytesPerSec" : 0.5030974063903386,
    "sentKBytesPerSec" : 0.25187465863575675
  },
  "/confirmation.php" : {
    "transaction" : "/confirmation.php",
    "sampleCount" : 5,
    "errorCount" : 0,
    "errorPct" : 0.0,
    "meanResTime" : 273.2,
    "medianResTime" : 286.0,
    "minResTime" : 206.0,
    "maxResTime" : 327.0,
    "pct1ResTime" : 327.0,
    "pct2ResTime" : 327.0,
    "pct3ResTime" : 327.0,
    "throughput" : 0.31226580064951287,
    "receivedKBytesPerSec" : 0.5476239500062453,
    "sentKBytesPerSec" : 0.4324149466025481
  },
  "FlighBooking_T03_SelectFlight" : {
    "transaction" : "FlighBooking_T03_SelectFlight",
    "sampleCount" : 5,
    "errorCount" : 0,
    "errorPct" : 0.0,
    "meanResTime" : 315.6,
    "medianResTime" : 294.0,
    "minResTime" : 234.0,
    "maxResTime" : 465.0,
    "pct1ResTime" : 465.0,
    "pct2ResTime" : 465.0,
    "pct3ResTime" : 465.0,
    "throughput" : 0.3140900810352409,
    "receivedKBytesPerSec" : 0.6029057258621773,
    "sentKBytesPerSec" : 0.3981337159997487
  },
  "/purchase.php" : {
    "transaction" : "/purchase.php",
    "sampleCount" : 5,
    "errorCount" : 0,
    "errorPct" : 0.0,
    "meanResTime" : 315.6,
    "medianResTime" : 294.0,
    "minResTime" : 234.0,
    "maxResTime" : 465.0,
    "pct1ResTime" : 465.0,
    "pct2ResTime" : 465.0,
    "pct3ResTime" : 465.0,
    "throughput" : 0.31410981279055156,
    "receivedKBytesPerSec" : 0.6029436015831134,
    "sentKBytesPerSec" : 0.3981587275411484
  },
  "/reserve.php" : {
    "transaction" : "/reserve.php",
    "sampleCount" : 5,
    "errorCount" : 0,
    "errorPct" : 0.0,
    "meanResTime" : 234.6,
    "medianResTime" : 227.0,
    "minResTime" : 205.0,
    "maxResTime" : 291.0,
    "pct1ResTime" : 291.0,
    "pct2ResTime" : 291.0,
    "pct3ResTime" : 291.0,
    "throughput" : 0.31665611146295125,
    "receivedKBytesPerSec" : 0.525636775649145,
    "sentKBytesPerSec" : 0.3797399461684611
  }
}