{
  "/HomePage" : {
    "transaction" : "/HomePage",
    "sampleCount" : 5,
    "errorCount" : 0,
    "errorPct" : 0.0,
    "meanResTime" : 585.2,
    "medianResTime" : 352.0,
    "minResTime" : 253.0,
    "maxResTime" : 1299.0,
    "pct1ResTime" : 1299.0,
    "pct2ResTime" : 1299.0,
    "pct3ResTime" : 1299.0,
    "throughput" : 0.3105011488542508,
    "receivedKBytesPerSec" : 0.517845568372353,
    "sentKBytesPerSec" : 0.25774021145128234
  },
  "FlighBooking_T04_BookFlight" : {
    "transaction" : "FlighBooking_T04_BookFlight",
    "sampleCount" : 5,
    "errorCount" : 0,
    "errorPct" : 0.0,
    "meanResTime" : 319.0,
    "medianResTime" : 283.0,
    "minResTime" : 195.0,
    "maxResTime" : 525.0,
    "pct1ResTime" : 525.0,
    "pct2ResTime" : 525.0,
    "pct3ResTime" : 525.0,
    "throughput" : 0.33462722527104805,
    "receivedKBytesPerSec" : 0.59089155149913,
    "sentKBytesPerSec" : 0.4633802787444786
  },
  "FlighBooking_T02_FlightFinder" : {
    "transaction" : "FlighBooking_T02_FlightFinder",
    "sampleCount" : 5,
    "errorCount" : 0,
    "errorPct" : 0.0,
    "meanResTime" : 246.6,
    "medianResTime" : 240.0,
    "minResTime" : 190.0,
    "maxResTime" : 307.0,
    "pct1ResTime" : 307.0,
    "pct2ResTime" : 307.0,
    "pct3ResTime" : 307.0,
    "throughput" : 0.33242470580413536,
    "receivedKBytesPerSec" : 0.5850544968752077,
    "sentKBytesPerSec" : 0.39864994016355293
  },
  "Total" : {
    "transaction" : "Total",
    "sampleCount" : 20,
    "errorCount" : 0,
    "errorPct" : 0.0,
    "meanResTime" : 352.25000000000006,
    "medianResTime" : 268.0,
    "minResTime" : 190.0,
    "maxResTime" : 1299.0,
    "pct1ResTime" : 666.3000000000003,
    "pct2ResTime" : 1268.1499999999996,
    "pct3ResTime" : 1299.0,
    "throughput" : 0.49078550219626516,
    "receivedKBytesPerSec" : 0.8741877116512479,
    "sentKBytesPerSec" : 0.5744203363107654
  },
  "FlighBooking_T01_HomePage" : {
    "transaction" : "FlighBooking_T01_HomePage",
    "sampleCount" : 5,
    "errorCount" : 0,
    "errorPct" : 0.0,
    "meanResTime" : 585.2,
    "medianResTime" : 352.0,
    "minResTime" : 253.0,
    "maxResTime" : 1299.0,
    "pct1ResTime" : 1299.0,
    "pct2ResTime" : 1299.0,
    "pct3ResTime" : 1299.0,
    "throughput" : 0.3081284279287607,
    "receivedKBytesPerSec" : 0.5138884074382203,
    "sentKBytesPerSec" : 0.2557706677143033
  },
  "/confirmation.php" : {
    "transaction" : "/confirmation.php",
    "sampleCount" : 5,
    "errorCount" : 0,
    "errorPct" : 0.0,
    "meanResTime" : 319.0,
    "medianResTime" : 283.0,
    "minResTime" : 195.0,
    "maxResTime" : 525.0,
    "pct1ResTime" : 525.0,
    "pct2ResTime" : 525.0,
    "pct3ResTime" : 525.0,
    "throughput" : 0.33462722527104805,
    "receivedKBytesPerSec" : 0.59089155149913,
    "sentKBytesPerSec" : 0.4633802787444786
  },
  "FlighBooking_T03_SelectFlight" : {
    "transaction" : "FlighBooking_T03_SelectFlight",
    "sampleCount" : 5,
    "errorCount" : 0,
    "errorPct" : 0.0,
    "meanResTime" : 258.2,
    "medianResTime" : 207.0,
    "minResTime" : 192.0,
    "maxResTime" : 478.0,
    "pct1ResTime" : 478.0,
    "pct2ResTime" : 478.0,
    "pct3ResTime" : 478.0,
    "throughput" : 0.33469442399089633,
    "receivedKBytesPerSec" : 0.6463786063324185,
    "sentKBytesPerSec" : 0.42425133041033536
  },
  "/purchase.php" : {
    "transaction" : "/purchase.php",
    "sampleCount" : 5,
    "errorCount" : 0,
    "errorPct" : 0.0,
    "meanResTime" : 258.2,
    "medianResTime" : 207.0,
    "minResTime" : 192.0,
    "maxResTime" : 478.0,
    "pct1ResTime" : 478.0,
    "pct2ResTime" : 478.0,
    "pct3ResTime" : 478.0,
    "throughput" : 0.33469442399089633,
    "receivedKBytesPerSec" : 0.6463786063324185,
    "sentKBytesPerSec" : 0.42425133041033536
  },
  "/reserve.php" : {
    "transaction" : "/reserve.php",
    "sampleCount" : 5,
    "errorCount" : 0,
    "errorPct" : 0.0,
    "meanResTime" : 246.6,
    "medianResTime" : 240.0,
    "minResTime" : 190.0,
    "maxResTime" : 307.0,
    "pct1ResTime" : 307.0,
    "pct2ResTime" : 307.0,
    "pct3ResTime" : 307.0,
    "throughput" : 0.33242470580413536,
    "receivedKBytesPerSec" : 0.5850544968752077,
    "sentKBytesPerSec" : 0.39864994016355293
  }
}