{
  "/HomePage" : {
    "transaction" : "/HomePage",
    "sampleCount" : 70,
    "errorCount" : 0,
    "errorPct" : 0.0,
    "meanResTime" : 263.07142857142867,
    "medianResTime" : 239.5,
    "minResTime" : 178.0,
    "maxResTime" : 761.0,
    "pct1ResTime" : 330.7,
    "pct2ResTime" : 404.55000000000007,
    "pct3ResTime" : 761.0,
    "throughput" : 0.25276598203194967,
    "receivedKBytesPerSec" : 0.4067494102879366,
    "sentKBytesPerSec" : 0.20981551242886445
  },
  "FlighBooking_T04_BookFlight" : {
    "transaction" : "FlighBooking_T04_BookFlight",
    "sampleCount" : 69,
    "errorCount" : 0,
    "errorPct" : 0.0,
    "meanResTime" : 252.42028985507253,
    "medianResTime" : 210.0,
    "minResTime" : 0.0,
    "maxResTime" : 982.0,
    "pct1ResTime" : 391.0,
    "pct2ResTime" : 540.5,
    "pct3ResTime" : 982.0,
    "throughput" : 0.2516530688909394,
    "receivedKBytesPerSec" : 0.4129965361231568,
    "sentKBytesPerSec" : 0.32827874999544104
  },
  "FlighBooking_T02_FlightFinder" : {
    "transaction" : "FlighBooking_T02_FlightFinder",
    "sampleCount" : 70,
    "errorCount" : 0,
    "errorPct" : 0.0,
    "meanResTime" : 242.9857142857143,
    "medianResTime" : 209.5,
    "minResTime" : 162.0,
    "maxResTime" : 643.0,
    "pct1ResTime" : 329.7,
    "pct2ResTime" : 479.6000000000002,
    "pct3ResTime" : 643.0,
    "throughput" : 0.25329280648429586,
    "receivedKBytesPerSec" : 0.432191452046244,
    "sentKBytesPerSec" : 0.30375348277608916
  },
  "Total" : {
    "transaction" : "Total",
    "sampleCount" : 279,
    "errorCount" : 0,
    "errorPct" : 0.0,
    "meanResTime" : 249.4336917562722,
    "medianResTime" : 221.0,
    "minResTime" : 0.0,
    "maxResTime" : 982.0,
    "pct1ResTime" : 339.0,
    "pct2ResTime" : 449.0,
    "pct3ResTime" : 693.799999999999,
    "throughput" : 0.9563178677196447,
    "receivedKBytesPerSec" : 1.6427541676092736,
    "sentKBytesPerSec" : 1.0952185391987495
  },
  "FlighBooking_T01_HomePage" : {
    "transaction" : "FlighBooking_T01_HomePage",
    "sampleCount" : 70,
    "errorCount" : 0,
    "errorPct" : 0.0,
    "meanResTime" : 263.07142857142867,
    "medianResTime" : 239.5,
    "minResTime" : 178.0,
    "maxResTime" : 761.0,
    "pct1ResTime" : 330.7,
    "pct2ResTime" : 404.55000000000007,
    "pct3ResTime" : 761.0,
    "throughput" : 0.2526701823917759,
    "receivedKBytesPerSec" : 0.4065952501164088,
    "sentKBytesPerSec" : 0.2097359912431734
  },
  "/confirmation.php" : {
    "transaction" : "/confirmation.php",
    "sampleCount" : 65,
    "errorCount" : 0,
    "errorPct" : 0.0,
    "meanResTime" : 267.95384615384614,
    "medianResTime" : 216.0,
    "minResTime" : 170.0,
    "maxResTime" : 982.0,
    "pct1ResTime" : 404.19999999999993,
    "pct2ResTime" : 559.4999999999995,
    "pct3ResTime" : 982.0,
    "throughput" : 0.24507586040478993,
    "receivedKBytesPerSec" : 0.4269533724323591,
    "sentKBytesPerSec" : 0.3393726270058517
  },
  "FlighBooking_T03_SelectFlight" : {
    "transaction" : "FlighBooking_T03_SelectFlight",
    "sampleCount" : 70,
    "errorCount" : 0,
    "errorPct" : 0.0,
    "meanResTime" : 239.30000000000004,
    "medianResTime" : 210.5,
    "minResTime" : 0.0,
    "maxResTime" : 677.0,
    "pct1ResTime" : 330.9,
    "pct2ResTime" : 446.55000000000035,
    "pct3ResTime" : 677.0,
    "throughput" : 0.2534771635181182,
    "receivedKBytesPerSec" : 0.48501553905539924,
    "sentKBytesPerSec" : 0.31671207755314873
  },
  "/purchase.php" : {
    "transaction" : "/purchase.php",
    "sampleCount" : 69,
    "errorCount" : 0,
    "errorPct" : 0.0,
    "meanResTime" : 242.76811594202903,
    "medianResTime" : 212.0,
    "minResTime" : 168.0,
    "maxResTime" : 677.0,
    "pct1ResTime" : 331.0,
    "pct2ResTime" : 452.5,
    "pct3ResTime" : 677.0,
    "throughput" : 0.25111363437854833,
    "receivedKBytesPerSec" : 0.48745671474219,
    "sentKBytesPerSec" : 0.31830614982749583
  },
  "/reserve.php" : {
    "transaction" : "/reserve.php",
    "sampleCount" : 70,
    "errorCount" : 0,
    "errorPct" : 0.0,
    "meanResTime" : 242.9857142857143,
    "medianResTime" : 209.5,
    "minResTime" : 162.0,
    "maxResTime" : 643.0,
    "pct1ResTime" : 329.7,
    "pct2ResTime" : 479.6000000000002,
    "pct3ResTime" : 643.0,
    "throughput" : 0.2532918899555292,
    "receivedKBytesPerSec" : 0.4321898881806767,
    "sentKBytesPerSec" : 0.30375238365760726
  }
}