{
  "/HomePage" : {
    "transaction" : "/HomePage",
    "sampleCount" : 5,
    "errorCount" : 0,
    "errorPct" : 0.0,
    "meanResTime" : 577.0,
    "medianResTime" : 309.0,
    "minResTime" : 282.0,
    "maxResTime" : 1429.0,
    "pct1ResTime" : 1429.0,
    "pct2ResTime" : 1429.0,
    "pct3ResTime" : 1429.0,
    "throughput" : 0.31197354464341426,
    "receivedKBytesPerSec" : 0.5039713257315779,
    "sentKBytesPerSec" : 0.25896241498720907
  },
  "FlighBooking_T04_BookFlight" : {
    "transaction" : "FlighBooking_T04_BookFlight",
    "sampleCount" : 5,
    "errorCount" : 0,
    "errorPct" : 0.0,
    "meanResTime" : 302.0,
    "medianResTime" : 323.0,
    "minResTime" : 198.0,
    "maxResTime" : 350.0,
    "pct1ResTime" : 350.0,
    "pct2ResTime" : 350.0,
    "pct3ResTime" : 350.0,
    "throughput" : 0.3388222538456326,
    "receivedKBytesPerSec" : 0.5889683709426036,
    "sentKBytesPerSec" : 0.46918941011045606
  },
  "FlighBooking_T02_FlightFinder" : {
    "transaction" : "FlighBooking_T02_FlightFinder",
    "sampleCount" : 5,
    "errorCount" : 0,
    "errorPct" : 0.0,
    "meanResTime" : 226.8,
    "medianResTime" : 210.0,
    "minResTime" : 194.0,
    "maxResTime" : 276.0,
    "pct1ResTime" : 276.0,
    "pct2ResTime" : 276.0,
    "pct3ResTime" : 276.0,
    "throughput" : 0.33672301165061624,
    "receivedKBytesPerSec" : 0.551778528857162,
    "sentKBytesPerSec" : 0.4038045491278874
  },
  "Total" : {
    "transaction" : "Total",
    "sampleCount" : 20,
    "errorCount" : 0,
    "errorPct" : 0.0,
    "meanResTime" : 363.05000000000007,
    "medianResTime" : 300.0,
    "minResTime" : 194.0,
    "maxResTime" : 1429.0,
    "pct1ResTime" : 564.9000000000001,
    "pct2ResTime" : 1386.0999999999995,
    "pct3ResTime" : 1429.0,
    "throughput" : 0.4896919837422261,
    "receivedKBytesPerSec" : 0.8410125070393223,
    "sentKBytesPerSec" : 0.5731404712061113
  },
  "FlighBooking_T01_HomePage" : {
    "transaction" : "FlighBooking_T01_HomePage",
    "sampleCount" : 5,
    "errorCount" : 0,
    "errorPct" : 0.0,
    "meanResTime" : 577.0,
    "medianResTime" : 309.0,
    "minResTime" : 282.0,
    "maxResTime" : 1429.0,
    "pct1ResTime" : 1429.0,
    "pct2ResTime" : 1429.0,
    "pct3ResTime" : 1429.0,
    "throughput" : 0.3076355134436719,
    "receivedKBytesPerSec" : 0.496963541346213,
    "sentKBytesPerSec" : 0.2553615101827355
  },
  "/confirmation.php" : {
    "transaction" : "/confirmation.php",
    "sampleCount" : 5,
    "errorCount" : 0,
    "errorPct" : 0.0,
    "meanResTime" : 302.0,
    "medianResTime" : 323.0,
    "minResTime" : 198.0,
    "maxResTime" : 350.0,
    "pct1ResTime" : 350.0,
    "pct2ResTime" : 350.0,
    "pct3ResTime" : 350.0,
    "throughput" : 0.3388452155055571,
    "receivedKBytesPerSec" : 0.5890082847655191,
    "sentKBytesPerSec" : 0.4692212066278124
  },
  "FlighBooking_T03_SelectFlight" : {
    "transaction" : "FlighBooking_T03_SelectFlight",
    "sampleCount" : 5,
    "errorCount" : 0,
    "errorPct" : 0.0,
    "meanResTime" : 346.4,
    "medianResTime" : 340.0,
    "minResTime" : 221.0,
    "maxResTime" : 510.0,
    "pct1ResTime" : 510.0,
    "pct2ResTime" : 510.0,
    "pct3ResTime" : 510.0,
    "throughput" : 0.3380434047731729,
    "receivedKBytesPerSec" : 0.6346236731796362,
    "sentKBytesPerSec" : 0.4284964251909945
  },
  "/purchase.php" : {
    "transaction" : "/purchase.php",
    "sampleCount" : 5,
    "errorCount" : 0,
    "errorPct" : 0.0,
    "meanResTime" : 346.4,
    "medianResTime" : 340.0,
    "minResTime" : 221.0,
    "maxResTime" : 510.0,
    "pct1ResTime" : 510.0,
    "pct2ResTime" : 510.0,
    "pct3ResTime" : 510.0,
    "throughput" : 0.3380434047731729,
    "receivedKBytesPerSec" : 0.6346236731796362,
    "sentKBytesPerSec" : 0.4284964251909945
  },
  "/reserve.php" : {
    "transaction" : "/reserve.php",
    "sampleCount" : 5,
    "errorCount" : 0,
    "errorPct" : 0.0,
    "meanResTime" : 226.8,
    "medianResTime" : 210.0,
    "minResTime" : 194.0,
    "maxResTime" : 276.0,
    "pct1ResTime" : 276.0,
    "pct2ResTime" : 276.0,
    "pct3ResTime" : 276.0,
    "throughput" : 0.33672301165061624,
    "receivedKBytesPerSec" : 0.551778528857162,
    "sentKBytesPerSec" : 0.4038045491278874
  }
}