{
  "/HomePage" : {
    "transaction" : "/HomePage",
    "sampleCount" : 70,
    "errorCount" : 0,
    "errorPct" : 0.0,
    "meanResTime" : 272.4,
    "medianResTime" : 211.5,
    "minResTime" : 176.0,
    "maxResTime" : 1328.0,
    "pct1ResTime" : 379.2,
    "pct2ResTime" : 704.2000000000003,
    "pct3ResTime" : 1328.0,
    "throughput" : 0.2543336639670965,
    "receivedKBytesPerSec" : 0.41334187849027537,
    "sentKBytesPerSec" : 0.21111681091018752
  },
  "FlighBooking_T04_BookFlight" : {
    "transaction" : "FlighBooking_T04_BookFlight",
    "sampleCount" : 69,
    "errorCount" : 0,
    "errorPct" : 0.0,
    "meanResTime" : 225.76811594202897,
    "medianResTime" : 200.0,
    "minResTime" : 0.0,
    "maxResTime" : 626.0,
    "pct1ResTime" : 355.0,
    "pct2ResTime" : 379.5,
    "pct3ResTime" : 626.0,
    "throughput" : 0.2532147260877224,
    "receivedKBytesPerSec" : 0.41662022103076746,
    "sentKBytesPerSec" : 0.3303159151877459
  },
  "FlighBooking_T02_FlightFinder" : {
    "transaction" : "FlighBooking_T02_FlightFinder",
    "sampleCount" : 70,
    "errorCount" : 0,
    "errorPct" : 0.0,
    "meanResTime" : 259.1857142857145,
    "medianResTime" : 213.0,
    "minResTime" : 162.0,
    "maxResTime" : 1679.0,
    "pct1ResTime" : 334.09999999999997,
    "pct2ResTime" : 383.60000000000014,
    "pct3ResTime" : 1679.0,
    "throughput" : 0.2548382869042245,
    "receivedKBytesPerSec" : 0.42905836797920516,
    "sentKBytesPerSec" : 0.30560685187342546
  },
  "Total" : {
    "transaction" : "Total",
    "sampleCount" : 280,
    "errorCount" : 0,
    "errorPct" : 0.0,
    "meanResTime" : 276.907142857143,
    "medianResTime" : 211.0,
    "minResTime" : 0.0,
    "maxResTime" : 8389.0,
    "pct1ResTime" : 345.30000000000007,
    "pct2ResTime" : 389.95,
    "pct3ResTime" : 1394.6899999999991,
    "throughput" : 0.959140610013428,
    "receivedKBytesPerSec" : 1.6509582414156916,
    "sentKBytesPerSec" : 1.1032124145337208
  },
  "FlighBooking_T01_HomePage" : {
    "transaction" : "FlighBooking_T01_HomePage",
    "sampleCount" : 70,
    "errorCount" : 0,
    "errorPct" : 0.0,
    "meanResTime" : 272.4,
    "medianResTime" : 211.5,
    "minResTime" : 176.0,
    "maxResTime" : 1328.0,
    "pct1ResTime" : 379.2,
    "pct2ResTime" : 704.2000000000003,
    "pct3ResTime" : 1328.0,
    "throughput" : 0.2542302090861877,
    "receivedKBytesPerSec" : 0.4131737441027671,
    "sentKBytesPerSec" : 0.21103093527662062
  },
  "/confirmation.php" : {
    "transaction" : "/confirmation.php",
    "sampleCount" : 65,
    "errorCount" : 0,
    "errorPct" : 0.0,
    "meanResTime" : 239.66153846153844,
    "medianResTime" : 201.0,
    "minResTime" : 166.0,
    "maxResTime" : 626.0,
    "pct1ResTime" : 355.4,
    "pct2ResTime" : 383.69999999999993,
    "pct3ResTime" : 626.0,
    "throughput" : 0.24397293026502967,
    "receivedKBytesPerSec" : 0.4261169033829662,
    "sentKBytesPerSec" : 0.3378453272615352
  },
  "FlighBooking_T03_SelectFlight" : {
    "transaction" : "FlighBooking_T03_SelectFlight",
    "sampleCount" : 70,
    "errorCount" : 0,
    "errorPct" : 0.0,
    "meanResTime" : 347.9428571428571,
    "medianResTime" : 216.0,
    "minResTime" : 166.0,
    "maxResTime" : 8389.0,
    "pct1ResTime" : 331.0,
    "pct2ResTime" : 374.25,
    "pct3ResTime" : 8389.0,
    "throughput" : 0.24745650068227293,
    "receivedKBytesPerSec" : 0.47718230120405264,
    "sentKBytesPerSec" : 0.31367044715389675
  },
  "/purchase.php" : {
    "transaction" : "/purchase.php",
    "sampleCount" : 70,
    "errorCount" : 0,
    "errorPct" : 0.0,
    "meanResTime" : 233.65714285714284,
    "medianResTime" : 216.0,
    "minResTime" : 166.0,
    "maxResTime" : 395.0,
    "pct1ResTime" : 331.0,
    "pct2ResTime" : 374.25,
    "pct3ResTime" : 395.0,
    "throughput" : 0.2546565774155995,
    "receivedKBytesPerSec" : 0.4910665563154831,
    "sentKBytesPerSec" : 0.322797106919383
  },
  "/reserve.php" : {
    "transaction" : "/reserve.php",
    "sampleCount" : 70,
    "errorCount" : 0,
    "errorPct" : 0.0,
    "meanResTime" : 259.1857142857145,
    "medianResTime" : 213.0,
    "minResTime" : 162.0,
    "maxResTime" : 1679.0,
    "pct1ResTime" : 334.09999999999997,
    "pct2ResTime" : 383.60000000000014,
    "pct3ResTime" : 1679.0,
    "throughput" : 0.25483921465835163,
    "receivedKBytesPerSec" : 0.4290599299920272,
    "sentKBytesPerSec" : 0.30560796445357014
  }
}