{
  "/HomePage" : {
    "transaction" : "/HomePage",
    "sampleCount" : 5,
    "errorCount" : 0,
    "errorPct" : 0.0,
    "meanResTime" : 475.0,
    "medianResTime" : 285.0,
    "minResTime" : 226.0,
    "maxResTime" : 1271.0,
    "pct1ResTime" : 1271.0,
    "pct2ResTime" : 1271.0,
    "pct3ResTime" : 1271.0,
    "throughput" : 0.3138928997426078,
    "receivedKBytesPerSec" : 0.523195704375667,
    "sentKBytesPerSec" : 0.26055562966915685
  },
  "FlighBooking_T04_BookFlight" : {
    "transaction" : "FlighBooking_T04_BookFlight",
    "sampleCount" : 5,
    "errorCount" : 0,
    "errorPct" : 0.0,
    "meanResTime" : 284.0,
    "medianResTime" : 227.0,
    "minResTime" : 204.0,
    "maxResTime" : 531.0,
    "pct1ResTime" : 531.0,
    "pct2ResTime" : 531.0,
    "pct3ResTime" : 531.0,
    "throughput" : 0.33586350507153895,
    "receivedKBytesPerSec" : 0.569787188486599,
    "sentKBytesPerSec" : 0.46509223651508025
  },
  "FlighBooking_T02_FlightFinder" : {
    "transaction" : "FlighBooking_T02_FlightFinder",
    "sampleCount" : 5,
    "errorCount" : 0,
    "errorPct" : 0.0,
    "meanResTime" : 229.2,
    "medianResTime" : 223.0,
    "minResTime" : 187.0,
    "maxResTime" : 279.0,
    "pct1ResTime" : 279.0,
    "pct2ResTime" : 279.0,
    "pct3ResTime" : 279.0,
    "throughput" : 0.33651904697805896,
    "receivedKBytesPerSec" : 0.569519051184547,
    "sentKBytesPerSec" : 0.4035599508682191
  },
  "Total" : {
    "transaction" : "Total",
    "sampleCount" : 20,
    "errorCount" : 0,
    "errorPct" : 0.0,
    "meanResTime" : 302.50000000000006,
    "medianResTime" : 226.5,
    "minResTime" : 187.0,
    "maxResTime" : 1271.0,
    "pct1ResTime" : 511.00000000000045,
    "pct2ResTime" : 1233.9999999999995,
    "pct3ResTime" : 1271.0,
    "throughput" : 0.4924289055767574,
    "receivedKBytesPerSec" : 0.8620631617013418,
    "sentKBytesPerSec" : 0.5763437923181091
  },
  "FlighBooking_T01_HomePage" : {
    "transaction" : "FlighBooking_T01_HomePage",
    "sampleCount" : 4,
    "errorCount" : 0,
    "errorPct" : 0.0,
    "meanResTime" : 276.0,
    "medianResTime" : 273.5,
    "minResTime" : 226.0,
    "maxResTime" : 331.0,
    "pct1ResTime" : 331.0,
    "pct2ResTime" : 331.0,
    "pct3ResTime" : 331.0,
    "throughput" : 0.32808398950131235,
    "receivedKBytesPerSec" : 0.5429085158300525,
    "sentKBytesPerSec" : 0.272335342847769
  },
  "/confirmation.php" : {
    "transaction" : "/confirmation.php",
    "sampleCount" : 5,
    "errorCount" : 0,
    "errorPct" : 0.0,
    "meanResTime" : 284.0,
    "medianResTime" : 227.0,
    "minResTime" : 204.0,
    "maxResTime" : 531.0,
    "pct1ResTime" : 531.0,
    "pct2ResTime" : 531.0,
    "pct3ResTime" : 531.0,
    "throughput" : 0.33586350507153895,
    "receivedKBytesPerSec" : 0.569787188486599,
    "sentKBytesPerSec" : 0.46509223651508025
  },
  "FlighBooking_T03_SelectFlight" : {
    "transaction" : "FlighBooking_T03_SelectFlight",
    "sampleCount" : 5,
    "errorCount" : 0,
    "errorPct" : 0.0,
    "meanResTime" : 221.8,
    "medianResTime" : 213.0,
    "minResTime" : 197.0,
    "maxResTime" : 269.0,
    "pct1ResTime" : 269.0,
    "pct2ResTime" : 269.0,
    "pct3ResTime" : 269.0,
    "throughput" : 0.33685912551371017,
    "receivedKBytesPerSec" : 0.6558226099845045,
    "sentKBytesPerSec" : 0.4269952587078084
  },
  "/purchase.php" : {
    "transaction" : "/purchase.php",
    "sampleCount" : 5,
    "errorCount" : 0,
    "errorPct" : 0.0,
    "meanResTime" : 221.8,
    "medianResTime" : 213.0,
    "minResTime" : 197.0,
    "maxResTime" : 269.0,
    "pct1ResTime" : 269.0,
    "pct2ResTime" : 269.0,
    "pct3ResTime" : 269.0,
    "throughput" : 0.3368137420006736,
    "receivedKBytesPerSec" : 0.6557342539575615,
    "sentKBytesPerSec" : 0.4269377315594476
  },
  "/reserve.php" : {
    "transaction" : "/reserve.php",
    "sampleCount" : 5,
    "errorCount" : 0,
    "errorPct" : 0.0,
    "meanResTime" : 229.2,
    "medianResTime" : 223.0,
    "minResTime" : 187.0,
    "maxResTime" : 279.0,
    "pct1ResTime" : 279.0,
    "pct2ResTime" : 279.0,
    "pct3ResTime" : 279.0,
    "throughput" : 0.33654169751632224,
    "receivedKBytesPerSec" : 0.5695573845661978,
    "sentKBytesPerSec" : 0.4035871138184021
  }
}