{
  "/HomePage" : {
    "transaction" : "/HomePage",
    "sampleCount" : 5,
    "errorCount" : 0,
    "errorPct" : 0.0,
    "meanResTime" : 509.2,
    "medianResTime" : 251.0,
    "minResTime" : 230.0,
    "maxResTime" : 1375.0,
    "pct1ResTime" : 1375.0,
    "pct2ResTime" : 1375.0,
    "pct3ResTime" : 1375.0,
    "throughput" : 0.31177901103697697,
    "receivedKBytesPerSec" : 0.5306941564818857,
    "sentKBytesPerSec" : 0.2588009368959282
  },
  "FlighBooking_T04_BookFlight" : {
    "transaction" : "FlighBooking_T04_BookFlight",
    "sampleCount" : 5,
    "errorCount" : 0,
    "errorPct" : 0.0,
    "meanResTime" : 394.8,
    "medianResTime" : 230.0,
    "minResTime" : 209.0,
    "maxResTime" : 1042.0,
    "pct1ResTime" : 1042.0,
    "pct2ResTime" : 1042.0,
    "pct3ResTime" : 1042.0,
    "throughput" : 0.3351206434316354,
    "receivedKBytesPerSec" : 0.5596907464812333,
    "sentKBytesPerSec" : 0.4640635472520107
  },
  "FlighBooking_T02_FlightFinder" : {
    "transaction" : "FlighBooking_T02_FlightFinder",
    "sampleCount" : 5,
    "errorCount" : 0,
    "errorPct" : 0.0,
    "meanResTime" : 313.0,
    "medianResTime" : 323.0,
    "minResTime" : 221.0,
    "maxResTime" : 375.0,
    "pct1ResTime" : 375.0,
    "pct2ResTime" : 375.0,
    "pct3ResTime" : 375.0,
    "throughput" : 0.3325573661456601,
    "receivedKBytesPerSec" : 0.5649578067841703,
    "sentKBytesPerSec" : 0.39880902893249087
  },
  "Total" : {
    "transaction" : "Total",
    "sampleCount" : 20,
    "errorCount" : 0,
    "errorPct" : 0.0,
    "meanResTime" : 375.55,
    "medianResTime" : 281.5,
    "minResTime" : 193.0,
    "maxResTime" : 1375.0,
    "pct1ResTime" : 981.9000000000012,
    "pct2ResTime" : 1358.3499999999997,
    "pct3ResTime" : 1375.0,
    "throughput" : 0.4897039739477486,
    "receivedKBytesPerSec" : 0.8617163971254377,
    "sentKBytesPerSec" : 0.5731545046644303
  },
  "FlighBooking_T01_HomePage" : {
    "transaction" : "FlighBooking_T01_HomePage",
    "sampleCount" : 5,
    "errorCount" : 0,
    "errorPct" : 0.0,
    "meanResTime" : 509.2,
    "medianResTime" : 251.0,
    "minResTime" : 230.0,
    "maxResTime" : 1375.0,
    "pct1ResTime" : 1375.0,
    "pct2ResTime" : 1375.0,
    "pct3ResTime" : 1375.0,
    "throughput" : 0.3081474177246395,
    "receivedKBytesPerSec" : 0.5245126455996549,
    "sentKBytesPerSec" : 0.2557864307284605
  },
  "/confirmation.php" : {
    "transaction" : "/confirmation.php",
    "sampleCount" : 5,
    "errorCount" : 0,
    "errorPct" : 0.0,
    "meanResTime" : 394.8,
    "medianResTime" : 230.0,
    "minResTime" : 209.0,
    "maxResTime" : 1042.0,
    "pct1ResTime" : 1042.0,
    "pct2ResTime" : 1042.0,
    "pct3ResTime" : 1042.0,
    "throughput" : 0.33509818376784395,
    "receivedKBytesPerSec" : 0.5596532362107097,
    "sentKBytesPerSec" : 0.46403244588164333
  },
  "FlighBooking_T03_SelectFlight" : {
    "transaction" : "FlighBooking_T03_SelectFlight",
    "sampleCount" : 5,
    "errorCount" : 0,
    "errorPct" : 0.0,
    "meanResTime" : 285.2,
    "medianResTime" : 311.0,
    "minResTime" : 193.0,
    "maxResTime" : 404.0,
    "pct1ResTime" : 404.0,
    "pct2ResTime" : 404.0,
    "pct3ResTime" : 404.0,
    "throughput" : 0.3332888948140248,
    "receivedKBytesPerSec" : 0.6557719387415011,
    "sentKBytesPerSec" : 0.42246971237168374
  },
  "/purchase.php" : {
    "transaction" : "/purchase.php",
    "sampleCount" : 5,
    "errorCount" : 0,
    "errorPct" : 0.0,
    "meanResTime" : 285.2,
    "medianResTime" : 311.0,
    "minResTime" : 193.0,
    "maxResTime" : 404.0,
    "pct1ResTime" : 404.0,
    "pct2ResTime" : 404.0,
    "pct3ResTime" : 404.0,
    "throughput" : 0.3333333333333333,
    "receivedKBytesPerSec" : 0.655859375,
    "sentKBytesPerSec" : 0.4225260416666667
  },
  "/reserve.php" : {
    "transaction" : "/reserve.php",
    "sampleCount" : 5,
    "errorCount" : 0,
    "errorPct" : 0.0,
    "meanResTime" : 313.0,
    "medianResTime" : 323.0,
    "minResTime" : 221.0,
    "maxResTime" : 375.0,
    "pct1ResTime" : 375.0,
    "pct2ResTime" : 375.0,
    "pct3ResTime" : 375.0,
    "throughput" : 0.33257948649727287,
    "receivedKBytesPerSec" : 0.5649953854596248,
    "sentKBytesPerSec" : 0.3988355560729014
  }
}