{
  "/HomePage" : {
    "transaction" : "/HomePage",
    "sampleCount" : 70,
    "errorCount" : 0,
    "errorPct" : 0.0,
    "meanResTime" : 294.89999999999986,
    "medianResTime" : 219.0,
    "minResTime" : 173.0,
    "maxResTime" : 1407.0,
    "pct1ResTime" : 459.99999999999994,
    "pct2ResTime" : 680.6000000000004,
    "pct3ResTime" : 1407.0,
    "throughput" : 0.2533221389073854,
    "receivedKBytesPerSec" : 0.4121326433170001,
    "sentKBytesPerSec" : 0.21027716608523206
  },
  "FlighBooking_T04_BookFlight" : {
    "transaction" : "FlighBooking_T04_BookFlight",
    "sampleCount" : 69,
    "errorCount" : 0,
    "errorPct" : 0.0,
    "meanResTime" : 251.34782608695653,
    "medianResTime" : 212.0,
    "minResTime" : 0.0,
    "maxResTime" : 1387.0,
    "pct1ResTime" : 396.0,
    "pct2ResTime" : 523.5,
    "pct3ResTime" : 1387.0,
    "throughput" : 0.25228426952735095,
    "receivedKBytesPerSec" : 0.4147679647423593,
    "sentKBytesPerSec" : 0.32910214450769837
  },
  "FlighBooking_T02_FlightFinder" : {
    "transaction" : "FlighBooking_T02_FlightFinder",
    "sampleCount" : 70,
    "errorCount" : 0,
    "errorPct" : 0.0,
    "meanResTime" : 247.5999999999999,
    "medianResTime" : 203.0,
    "minResTime" : 160.0,
    "maxResTime" : 987.0,
    "pct1ResTime" : 341.09999999999997,
    "pct2ResTime" : 580.7000000000007,
    "pct3ResTime" : 987.0,
    "throughput" : 0.253843922251233,
    "receivedKBytesPerSec" : 0.4302066618164346,
    "sentKBytesPerSec" : 0.3044143911372208
  },
  "Total" : {
    "transaction" : "Total",
    "sampleCount" : 279,
    "errorCount" : 0,
    "errorPct" : 0.0,
    "meanResTime" : 253.83870967741942,
    "medianResTime" : 215.0,
    "minResTime" : 0.0,
    "maxResTime" : 1407.0,
    "pct1ResTime" : 346.0,
    "pct2ResTime" : 470.0,
    "pct3ResTime" : 1222.9999999999977,
    "throughput" : 0.9596697910396422,
    "receivedKBytesPerSec" : 1.6489823394100953,
    "sentKBytesPerSec" : 1.0990573136125203
  },
  "FlighBooking_T01_HomePage" : {
    "transaction" : "FlighBooking_T01_HomePage",
    "sampleCount" : 70,
    "errorCount" : 0,
    "errorPct" : 0.0,
    "meanResTime" : 294.89999999999986,
    "medianResTime" : 219.0,
    "minResTime" : 173.0,
    "maxResTime" : 1407.0,
    "pct1ResTime" : 459.99999999999994,
    "pct2ResTime" : 680.6000000000004,
    "pct3ResTime" : 1407.0,
    "throughput" : 0.2532075976748308,
    "receivedKBytesPerSec" : 0.41194629489461143,
    "sentKBytesPerSec" : 0.21018208791367793
  },
  "/confirmation.php" : {
    "transaction" : "/confirmation.php",
    "sampleCount" : 65,
    "errorCount" : 0,
    "errorPct" : 0.0,
    "meanResTime" : 266.81538461538463,
    "medianResTime" : 223.0,
    "minResTime" : 170.0,
    "maxResTime" : 1387.0,
    "pct1ResTime" : 409.99999999999994,
    "pct2ResTime" : 524.5,
    "pct3ResTime" : 1387.0,
    "throughput" : 0.2450620006861736,
    "receivedKBytesPerSec" : 0.4276876821470448,
    "sentKBytesPerSec" : 0.3393534345439396
  },
  "FlighBooking_T03_SelectFlight" : {
    "transaction" : "FlighBooking_T03_SelectFlight",
    "sampleCount" : 70,
    "errorCount" : 0,
    "errorPct" : 0.0,
    "meanResTime" : 221.4714285714286,
    "medianResTime" : 207.5,
    "minResTime" : 0.0,
    "maxResTime" : 377.0,
    "pct1ResTime" : 302.7,
    "pct2ResTime" : 359.0,
    "pct3ResTime" : 377.0,
    "throughput" : 0.2540742622772313,
    "receivedKBytesPerSec" : 0.48435032984283694,
    "sentKBytesPerSec" : 0.31745813445972926
  },
  "/purchase.php" : {
    "transaction" : "/purchase.php",
    "sampleCount" : 69,
    "errorCount" : 0,
    "errorPct" : 0.0,
    "meanResTime" : 224.68115942028987,
    "medianResTime" : 209.0,
    "minResTime" : 163.0,
    "maxResTime" : 377.0,
    "pct1ResTime" : 303.0,
    "pct2ResTime" : 359.0,
    "pct3ResTime" : 377.0,
    "throughput" : 0.252093471875137,
    "receivedKBytesPerSec" : 0.4875391270076139,
    "sentKBytesPerSec" : 0.3195481704042264
  },
  "/reserve.php" : {
    "transaction" : "/reserve.php",
    "sampleCount" : 70,
    "errorCount" : 0,
    "errorPct" : 0.0,
    "meanResTime" : 247.5999999999999,
    "medianResTime" : 203.0,
    "minResTime" : 160.0,
    "maxResTime" : 987.0,
    "pct1ResTime" : 341.09999999999997,
    "pct2ResTime" : 580.7000000000007,
    "pct3ResTime" : 987.0,
    "throughput" : 0.253843922251233,
    "receivedKBytesPerSec" : 0.4302066618164346,
    "sentKBytesPerSec" : 0.3044143911372208
  }
}