{
  "/HomePage" : {
    "transaction" : "/HomePage",
    "sampleCount" : 5,
    "errorCount" : 0,
    "errorPct" : 0.0,
    "meanResTime" : 510.4,
    "medianResTime" : 371.0,
    "minResTime" : 258.0,
    "maxResTime" : 1010.0,
    "pct1ResTime" : 1010.0,
    "pct2ResTime" : 1010.0,
    "pct3ResTime" : 1010.0,
    "throughput" : 0.305008235222351,
    "receivedKBytesPerSec" : 0.4875961729091685,
    "sentKBytesPerSec" : 0.25318066400292805
  },
  "FlighBooking_T04_BookFlight" : {
    "transaction" : "FlighBooking_T04_BookFlight",
    "sampleCount" : 5,
    "errorCount" : 0,
    "errorPct" : 0.0,
    "meanResTime" : 327.0,
    "medianResTime" : 318.0,
    "minResTime" : 224.0,
    "maxResTime" : 403.0,
    "pct1ResTime" : 403.0,
    "pct2ResTime" : 403.0,
    "pct3ResTime" : 403.0,
    "throughput" : 0.3232270993600103,
    "receivedKBytesPerSec" : 0.5444356454845174,
    "sentKBytesPerSec" : 0.4475937762622018
  },
  "FlighBooking_T02_FlightFinder" : {
    "transaction" : "FlighBooking_T02_FlightFinder",
    "sampleCount" : 5,
    "errorCount" : 0,
    "errorPct" : 0.0,
    "meanResTime" : 252.6,
    "medianResTime" : 246.0,
    "minResTime" : 207.0,
    "maxResTime" : 292.0,
    "pct1ResTime" : 292.0,
    "pct2ResTime" : 292.0,
    "pct3ResTime" : 292.0,
    "throughput" : 0.32078013729389876,
    "receivedKBytesPerSec" : 0.5652496872393662,
    "sentKBytesPerSec" : 0.38468555527041765
  },
  "Total" : {
    "transaction" : "Total",
    "sampleCount" : 20,
    "errorCount" : 0,
    "errorPct" : 0.0,
    "meanResTime" : 353.44999999999993,
    "medianResTime" : 293.5,
    "minResTime" : 206.0,
    "maxResTime" : 1010.0,
    "pct1ResTime" : 556.9,
    "pct2ResTime" : 987.3999999999996,
    "pct3ResTime" : 1010.0,
    "throughput" : 0.48608579414266617,
    "receivedKBytesPerSec" : 0.8456895962449872,
    "sentKBytesPerSec" : 0.5689197502734232
  },
  "FlighBooking_T01_HomePage" : {
    "transaction" : "FlighBooking_T01_HomePage",
    "sampleCount" : 5,
    "errorCount" : 0,
    "errorPct" : 0.0,
    "meanResTime" : 510.4,
    "medianResTime" : 371.0,
    "minResTime" : 258.0,
    "maxResTime" : 1010.0,
    "pct1ResTime" : 1010.0,
    "pct2ResTime" : 1010.0,
    "pct3ResTime" : 1010.0,
    "throughput" : 0.3026634382566586,
    "receivedKBytesPerSec" : 0.48384770354116224,
    "sentKBytesPerSec" : 0.25123429933414043
  },
  "/confirmation.php" : {
    "transaction" : "/confirmation.php",
    "sampleCount" : 5,
    "errorCount" : 0,
    "errorPct" : 0.0,
    "meanResTime" : 327.0,
    "medianResTime" : 318.0,
    "minResTime" : 224.0,
    "maxResTime" : 403.0,
    "pct1ResTime" : 403.0,
    "pct2ResTime" : 403.0,
    "pct3ResTime" : 403.0,
    "throughput" : 0.3232270993600103,
    "receivedKBytesPerSec" : 0.5444356454845174,
    "sentKBytesPerSec" : 0.4475937762622018
  },
  "FlighBooking_T03_SelectFlight" : {
    "transaction" : "FlighBooking_T03_SelectFlight",
    "sampleCount" : 5,
    "errorCount" : 0,
    "errorPct" : 0.0,
    "meanResTime" : 323.8,
    "medianResTime" : 235.0,
    "minResTime" : 206.0,
    "maxResTime" : 547.0,
    "pct1ResTime" : 547.0,
    "pct2ResTime" : 547.0,
    "pct3ResTime" : 547.0,
    "throughput" : 0.32127481847972755,
    "receivedKBytesPerSec" : 0.6149400822463535,
    "sentKBytesPerSec" : 0.4072409320182484
  },
  "/purchase.php" : {
    "transaction" : "/purchase.php",
    "sampleCount" : 5,
    "errorCount" : 0,
    "errorPct" : 0.0,
    "meanResTime" : 323.8,
    "medianResTime" : 235.0,
    "minResTime" : 206.0,
    "maxResTime" : 547.0,
    "pct1ResTime" : 547.0,
    "pct2ResTime" : 547.0,
    "pct3ResTime" : 547.0,
    "throughput" : 0.321316110789795,
    "receivedKBytesPerSec" : 0.615019118308592,
    "sentKBytesPerSec" : 0.40729327324722064
  },
  "/reserve.php" : {
    "transaction" : "/reserve.php",
    "sampleCount" : 5,
    "errorCount" : 0,
    "errorPct" : 0.0,
    "meanResTime" : 252.6,
    "medianResTime" : 246.0,
    "minResTime" : 207.0,
    "maxResTime" : 292.0,
    "pct1ResTime" : 292.0,
    "pct2ResTime" : 292.0,
    "pct3ResTime" : 292.0,
    "throughput" : 0.32073898261594713,
    "receivedKBytesPerSec" : 0.5651771681955224,
    "sentKBytesPerSec" : 0.38463620180896785
  }
}